Age,Gender
39,Female
33,Female
41,Female
50,Female
32,Male
32,Male
50,Female
42,Female
30,Female
40,Other
30,Female
30,Female
37,Female
15,Female
17,Female
29,Female
24,Female
38,Male
25,Male
20,Male
49,Female
32,Male
35,Female
20,Female
29,Male
36,Female
23,Male
38,Male
28,Female
32,Male
28,Male
53,Female
34,Female
24,Male
43,Female
22,Male
37,Male
15,Female
21,Female
36,Female
42,Female
36,Other
33,Female
31,Male
20,Female
27,Male
30,Male
45,Male
38,Male
17,Other
38,Female
31,Female
28,Male
41,Male
45,Male
44,Male
26,Female
31,Female
38,Female
44,Male
30,Other
33,Female
23,Female
23,Female
43,Male
48,Male
34,Male
45,Female
38,Male
28,Male
38,Male
50,Male
34,Female
50,Female
8,Female
43,Male
35,Female
32,Female
35,Male
15,Male
32,Male
38,Female
49,Female
29,Male
26,Male
29,Female
44,Female
38,Female
29,Female
40,Male
35,Male
44,Female
27,Male
31,Female
31,Other
20,Female
37,Male
37,Female
35,Female
32,Female
20,Other
30,Male
31,Other
26,Other
33,Male
39,Male
53,Male
36,Male
37,Male
34,Female
15,Male
34,Male
35,Female
59,Male
33,Female
38,Male
34,Male
23,Female
46,Female
42,Female
42,Female
25,Female
49,Male
20,Male
40,Female
56,Female
25,Other
29,Male
35,Male
29,Female
19,Male
35,Other
24,Female
39,Male
25,Female
50,Female
27,Male
31,Other
43,Female
22,Female
37,Male
48,Female
18,Male
36,Male
37,Other
42,Male
22,Male
21,Other
40,Other
37,Female
37,Female
38,Male
28,Male
37,Male
37,Female
27,Female
53,Female
39,Female
23,Male
41,Female
25,Male
42,Female
46,Male
26,Female
44,Male
39,Male
43,Male
53,Female
32,Female
27,Male
26,Male
26,Female
34,Male
38,Female
37,Female
43,Male
35,Male
49,Other
32,Male
62,Male
41,Female
26,Other
24,Other
39,Female
32,Male
42,Male
39,Female
34,Female
26,Male
19,Other
30,Male
43,Female
37,Male
22,Female
36,Male
38,Male
26,Male
36,Female
35,Female
23,Female
